STATE,HYBAS_ID,marsh_area_ha
Alabama,7060046130,805385.5
Alabama,7060046320,133153.265625
Alabama,7060046330,34003.4375
Alabama,7060046390,993839.375
Alabama,7060046400,1275.49853515625
Alabama,7060046460,170601.890625
Alabama,7060046470,217528.890625
Alabama,7060046590,139519.25
Alabama,7060046600,273241.40625
Alabama,7060638810,1764778.625
Alabama,7060690750,616656.5
Alabama,7060690760,309931.84375
Alabama,7060697240,108425.4453125
Alabama,7060697250,204656.71875
Alabama,7060712030,385087.78125
Alabama,7060712110,951509.25
Alabama,7060712410,1400373.625
Alabama,7060712470,1049368.25
Alabama,7060713800,23137.427734375
Alabama,7060713890,97507.5078125
Alabama,7060714720,159299.40625
Alabama,7060714730,1.589996337890625
Alabama,7060715790,476663.65625
Alabama,7060715800,617236.3125
Alabama,7060723400,123826.21875
Alabama,7060723410,159556.90625
Alabama,7060739170,919520.875
Alabama,7060739180,961824.9375
Alabama,7060746030,224530.578125
Alabama,7060757750,68848.8984375
Arizona,7060008340,34081.68359375
Arizona,7060008450,657573.9375
Arizona,7060008460,194727.578125
Arizona,7060008710,124599.21875
Arizona,7060074180,82797.859375
Arizona,7060074270,367457.34375
Arizona,7060075920,95006.0234375
Arizona,7060607590,129724.4296875
Arizona,7060608130,160499.546875
Arizona,7060626100,515469.75
Arizona,7060627380,440855.3125
Arizona,7060627570,221145.25
Arizona,7060629520,27558.892578125
Arizona,7060629700,771630.3125
Arizona,7060632150,776014.375
Arizona,7060632220,146531.015625
Arizona,7060633600,1107656
Arizona,7060639670,705776.5
Arizona,7060639920,1232814
Arizona,7060653540,498788.28125
Arizona,7060653630,964670.25
Arizona,7060657240,149603.484375
Arizona,7060657250,142259.546875
Arizona,7060662290,16115.5693359375
Arizona,7060662440,199153.453125
Arizona,7060662960,401092.875
Arizona,7060662970,123901.25
Arizona,7060667020,44615.2734375
Arizona,7060667030,120819.828125
Arizona,7060675400,876258.625
Arizona,7060675410,1394577.375
Arizona,7060690850,647177.25
Arizona,7060690970,1194959
Arizona,7060693990,573631.875
Arizona,7060694070,6522.36376953125
Arizona,7060694150,211530.078125
Arizona,7060694250,29866.037109375
Arizona,7060695490,373089.65625
Arizona,7060695610,240584.328125
Arizona,7060696750,21627.51953125
Arizona,7060696810,484367.3125
Arizona,7060696820,847671.1875
Arizona,7060696970,2010635.375
Arizona,7060702370,576676.625
Arizona,7060702450,929951.5625
Arizona,7060706120,1092071.5
Arizona,7060706220,405556.3125
Arizona,7060707710,1007871
Arizona,7060707810,626203.1875
Arkansas,7060621060,56900.6328125
Arkansas,7060626430,5522.43359375
Arkansas,7060631790,1214654
Arkansas,7060631800,113055.15625
Arkansas,7060639300,4401.900390625
Arkansas,7060639390,3.510833263397217
Arkansas,7060642090,37332.53125
Arkansas,7060645560,706380.875
Arkansas,7060645680,367601.125
Arkansas,7060647770,33454.378662109375
Arkansas,7060649910,194475.734375
Arkansas,7060650970,145883.71875
Arkansas,7060655510,188787.671875
Arkansas,7060655590,458682.09375
Arkansas,7060655770,952142.625
Arkansas,7060655900,281444.46875
Arkansas,7060660530,394488.03125
Arkansas,7060660610,288110.71875
Arkansas,7060666670,482279.71875
Arkansas,7060666880,311330.96875
Arkansas,7060668250,72898.07421875
Arkansas,7060668390,1072792.671875
Arkansas,7060679700,472934.28125
Arkansas,7060679710,278412.90625
Arkansas,7060682120,79763.6015625
Arkansas,7060682360,584815.625
Arkansas,7060686450,49235.9765625
Arkansas,7060686540,9713.0283203125
Arkansas,7060689550,513171.28125
Arkansas,7060689810,79487.1484375
Arkansas,7060698800,829587.8125
Arkansas,7060698850,1904431.875
Arkansas,7060699700,48821.4609375
Arkansas,7060699710,196051.328125
Arkansas,7060712260,13113.9638671875
Arkansas,7060712340,19689.365234375
Arkansas,7060715630,65116.578125
Arkansas,7060715640,1218.409423828125
Arkansas,7060718510,278917.65625
Arkansas,7060724920,667674.3125
Arkansas,7060724930,180422.140625
Arkansas,7060729590,118016.28125
California,7060008710,44667.9609375
California,7060012240,143.708251953125
California,7060012270,120602.96875
California,7060012280,919752.9375
California,7060012590,649929.6875
California,7060012600,1551961.5
California,7060012950,472645.421875
California,7060012960,368570.59375
California,7060013170,1109655.8471679688
California,7060013180,1137842.75
California,7060013550,10387.423828125
California,7060013560,1396905.125
California,7060014040,937672.125
California,7060014050,301762.28125
California,7060014200,118481.7421875
California,7060014210,192165.125
California,7060014250,4706.80517578125
California,7060014340,38408.0859375
California,7060055730,104427.69921875
California,7060073630,117121.2421875
California,7060073680,2450321.1875
California,7060073690,1477800.5
California,7060073710,1845667.125
California,7060073800,1117573.25
California,7060073830,236510.734375
California,7060073840,890026.125
California,7060073920,209240.916015625
California,7060073990,641516.75
California,7060074000,589428.4375
California,7060074060,72061.8125
California,7060074080,2147110
California,7060074120,578021.8702697754
California,7060074150,11206.3876953125
California,7060074240,36751.1484375
California,7060074330,911551.4375
California,7060074450,968067.875
California,7060074610,223919.703125
California,7060074830,428783.4375
California,7060074860,207294.109375
California,7060074900,673174.3125
California,7060074940,175280.046875
California,7060075190,190477.34375
California,7060075780,107033.69140625
California,7060075850,122354
California,7060076300,5710.38232421875
California,7060494970,100338.4296875
California,7060495280,204097.796875
California,7060496400,87514.4765625
California,7060496450,209969.21875
California,7060511270,497189.40625
California,7060511360,766538.3125
California,7060515720,855329.6875
California,7060515830,186186.59375
California,7060521410,175436.15625
California,7060521470,384422.84375
California,7060530980,442281.90625
California,7060531120,246056.71875
California,7060548610,207009
California,7060548690,716429.96875
California,7060569580,279245.580078125
California,7060569840,395488.65625
California,7060570240,1619294.15625
California,7060570620,12465.02734375
California,7060574630,450446.59375
California,7060574760,598551.7344970703
California,7060587130,584619.064453125
California,7060587260,759094.203125
California,7060587960,384113.1875
California,7060588070,162329.15625
California,7060598410,503326.453125
California,7060598590,189968.9375
California,7060603670,360612.25
California,7060603720,1061532.46875
California,7060617620,526774.9296875
California,7060617820,1192921.125
California,7060675400,434132.9375
California,7060707710,514709.1875
Connecticut,7060039170,366754.5625
Connecticut,7060039620,364288.1875
Connecticut,7060039630,561560.125
Connecticut,7060039870,5539.28515625
Connecticut,7060493000,8.25763988494873
Delaware,7060040000,771.5894775390625
Delaware,7060040360,49830.3359375
Delaware,7060040370,302816
Delaware,7060040790,126223.3359375
Delaware,7060040800,44651.96484375
District of Columbia,7060041060,9996.970703125
District of Columbia,7060041400,7042.19970703125
District of Columbia,7060041410,162.74851989746094
Florida,7060043650,314334.28125
Florida,7060043860,2464176.40625
Florida,7060043870,1322643.841796875
Florida,7060044350,755906.9375
Florida,7060044360,1002307.3125
Florida,7060044770,1702814.875
Florida,7060044780,125021.4296875
Florida,7060044860,577033.6875
Florida,7060044870,1181879.5
Florida,7060045410,471772.71875
Florida,7060045420,217915.40625
Florida,7060045480,1193752.90625
Florida,7060045490,1420655.59375
Florida,7060045890,118501.62890625
Florida,7060045900,355902.6484375
Florida,7060046130,382595.28125
Florida,7060046140,214793.5625
Florida,7060046320,217478.25
Florida,7060046330,206121.890625
Florida,7060046390,103683.9609375
Florida,7060046400,52393.69140625
Florida,7060046460,60473.62890625
Florida,7060046470,4.262155055999756
Florida,7060064920,50991.25
Florida,7060746030,46607.87109375
Florida,7060746040,2.655686616897583
Florida,7060757700,151606.703125
Florida,7060757750,265385.0275878906
Georgia,7060043170,4.103761196136475
Georgia,7060043500,1481295.625
Georgia,7060043510,1488592.625
Georgia,7060043640,307127.59375
Georgia,7060043650,1186202.25
Georgia,7060045480,1459660.375
Georgia,7060045490,382615.34375
Georgia,7060638810,158831.125
Georgia,7060640560,12067.0146484375
Georgia,7060650450,215557.484375
Georgia,7060676360,527056.25
Georgia,7060676410,482655.3125
Georgia,7060693970,116867.3125
Georgia,7060694040,142782.0625
Georgia,7060712410,192249.640625
Georgia,7060712470,167085.25
Georgia,7060714720,1076191.5
Georgia,7060714730,118053.9296875
Georgia,7060723190,1386277.5
Georgia,7060723400,53.99656677246094
Georgia,7060723410,97853.625
Georgia,7060723420,8047.4296875
Georgia,7060723900,207558.765625
Georgia,7060724010,1105368.5
Georgia,7060724490,353108.78125
Georgia,7060724640,121755.484375
Georgia,7060746030,253784.609375
Georgia,7060746040,2197190
Georgia,7060757700,9898.724609375
Illinois,7060540990,677389.90234375
Illinois,7060566040,843127.9296875
Illinois,7060566090,270114.9375
Illinois,7060569640,0.06804490834474564
Illinois,7060569650,149440.0625
Illinois,7060573670,606805.625
Illinois,7060573680,307993.3125
Illinois,7060579260,36808.69921875
Illinois,7060579820,0.0766962394118309
Illinois,7060579830,81604.95703125
Illinois,7060589830,1473856.66796875
Illinois,7060589890,68266.01062011719
Illinois,7060591780,833668.625
Illinois,7060591790,119082.1640625
Illinois,7060594240,11382.482421875
Illinois,7060599170,103953.484375
Illinois,7060599260,612682.8125
Illinois,7060606110,14985.0498046875
Illinois,7060609610,466747.125
Illinois,7060610760,7532.8193359375
Illinois,7060612640,226113.59375
Illinois,7060612840,76258.6875
Indiana,7060562230,337119.3125
Indiana,7060562310,58.213924407958984
Indiana,7060572690,207824.40625
Indiana,7060573670,0.5927882194519043
Indiana,7060573680,542817.5
Indiana,7060579260,31675.208984375
Indiana,7060579270,2558426.75
Indiana,7060591460,761885.5
Indiana,7060591790,366448.625
Indiana,7060594240,4303.3291015625
Indiana,7060594340,136718.390625
Indiana,7060609610,27.222692489624023
Kansas,7060537830,15410.044921875
Kansas,7060541090,157447.71875
Kansas,7060543790,95128.5546875
Kansas,7060556270,40718.734375
Kansas,7060559080,115129.25
Kansas,7060560490,628411.5625
Kansas,7060560580,140286.8125
Kansas,7060562040,17146.68359375
Kansas,7060562140,1292546.625
Kansas,7060563320,784436.6875
Kansas,7060563480,3290953.75
Kansas,7060575000,1115796.25
Kansas,7060579800,199660.75
Kansas,7060579990,491712.09375
Kansas,7060585430,307813.53125
Kansas,7060585540,242016.6875
Kansas,7060611510,170712.90625
Kansas,7060611580,132713.671875
Kansas,7060617540,819348.8125
Kansas,7060617740,114435.03125
Kansas,7060622700,1002748.875
Kansas,7060622710,3023680.5
Kansas,7060637840,13554.2705078125
Kansas,7060641790,1140946.75
Kentucky,7060562310,1176845.875
Kentucky,7060571990,892772.9375
Kentucky,7060572690,83407.6640625
Kentucky,7060572890,1807618.625
Kentucky,7060591460,1189032
Kentucky,7060591570,2274411.75
Kentucky,7060594340,120670.015625
Kentucky,7060609610,361617.65625
Kentucky,7060609780,354128.1875
Kentucky,7060610760,3233.24755859375
Kentucky,7060610850,264027.3125
Kentucky,7060612640,104752.75
Kentucky,7060612660,809112.0625
Kentucky,7060612840,4.26738977432251
Kentucky,7060612900,105469.53125
Kentucky,7060624370,177449.59375
Kentucky,7060631120,420956.625
Kentucky,7060639300,288361.40625
Kentucky,7060639390,29868.216796875
Kentucky,7060640420,1836.1209716796875
Louisiana,7060046790,1190.463134765625
Louisiana,7060046850,15510.83984375
Louisiana,7060046860,921.90557861328125
Louisiana,7060046870,205933.2578125
Louisiana,7060046880,1821.675048828125
Louisiana,7060046900,1140871.551147461
Louisiana,7060046910,288937.89453125
Louisiana,7060047060,506344.44091796875
Louisiana,7060047070,425402.95947265625
Louisiana,7060047210,269934.1142578125
Louisiana,7060047220,375977.75
Louisiana,7060047480,1203890.140625
Louisiana,7060047490,560144.52734375
Louisiana,7060047770,746733.1015625
Louisiana,7060047780,11841.7109375
Louisiana,7060047800,1016638.578125
Louisiana,7060047810,53452.4765625
Louisiana,7060047840,4575.5244140625
Louisiana,7060047850,2786.38818359375
Louisiana,7060047860,3.9029195308685303
Louisiana,7060712260,46123.79296875
Louisiana,7060712340,136517.765625
Louisiana,7060715630,55442.0234375
Louisiana,7060715640,969.97308349609375
Louisiana,7060718500,24228.0078125
Louisiana,7060718510,388110.15625
Louisiana,7060721140,19004.71875
Louisiana,7060724080,28618.55078125
Louisiana,7060724090,160.7947235107422
Louisiana,7060724920,753600.3125
Louisiana,7060724930,520381.46875
Louisiana,7060727830,339568.0625
Louisiana,7060727840,351931.1875
Louisiana,7060729580,55481.48828125
Louisiana,7060729590,428594.84375
Louisiana,7060735130,776926.625
Louisiana,7060735140,40686.3125
Louisiana,7060736110,62484.0546875
Louisiana,7060736120,0.3741222321987152
Louisiana,7060736840,549064.875
Louisiana,7060736850,6434.02587890625
Louisiana,7060741760,43018.6171875
Louisiana,7060741770,92274.7265625
Louisiana,7060743800,392603.375
Louisiana,7060743810,117559.796875
Louisiana,7060759730,67.83515167236328
Louisiana,7060759790,155661.0703125
Louisiana,7060760990,19893.662109375
Maine,7060034520,2000.3192138671875
Maine,7060038340,1177088.875
Maine,7060038810,2185476.1171875
Maine,7060038820,345730.21875
Maine,7060038980,2275854
Maine,7060038990,294252.5390625
Maine,7060039060,217742.9375
Maine,7060039070,154367.546875
Maine,7060355150,417818.9765625
Maine,7060355260,321436.84375
Maine,7060363040,617070.625
Maine,7060363050,368209.09375
Maine,7060380530,221.54400634765625
Maine,7060390740,164106.46875
Maryland,7060040360,1783.346923828125
Maryland,7060040370,304366.4375
Maryland,7060040790,57574.33984375
Maryland,7060040800,556147.9375
Maryland,7060041050,71088.4140625
Maryland,7060041060,936458.1875
Maryland,7060041400,87727.0625
Maryland,7060041410,3632.745361328125
Maryland,7060529460,107329.3359375
Maryland,7060550230,47899.91796875
Maryland,7060552560,130655.6640625
Maryland,7060552690,2.9555883407592773
Maryland,7060557610,112341.359375
Maryland,7060559650,48842.37890625
Maryland,7060559710,197627.140625
Massachusetts,7060039070,664.81475830078125
Massachusetts,7060039160,316004.625
Massachusetts,7060039170,941470.583984375
Massachusetts,7060039620,704602.9375
Massachusetts,7060039630,129896.3671875
Massachusetts,7060467130,43352.98828125
Massachusetts,7060493000,9990.2109375
Mississippi,7060046600,2283538.5
Mississippi,7060046750,19390.306640625
Mississippi,7060046780,155683.828125
Mississippi,7060046790,224971.140625
Mississippi,7060046850,121404.0703125
Mississippi,7060046870,1883695.25
Mississippi,7060046900,232385.59375
Mississippi,7060047060,41028.5546875
Mississippi,7060638810,107286.9375
Mississippi,7060647780,187157.03125
Mississippi,7060668250,119805.50390625
Mississippi,7060682120,47766.39453125
Mississippi,7060686540,20088.04296875
Mississippi,7060712110,1418127.25
Mississippi,7060713890,155978.140625
Mississippi,7060715630,117529.3125
Mississippi,7060715640,3429572.75
Mississippi,7060721140,42344.45703125
Mississippi,7060721150,872864.375
Mississippi,7060724080,6689.560546875
Mississippi,7060724090,277954.25
Mississippi,7060729590,4.783461570739746
Mississippi,7060736110,162257.15625
Mississippi,7060736120,310538.03125
Mississippi,7060739170,9982.5576171875
Mississippi,7060741770,109645.5
Missouri,7060543580,11272.9775390625
Missouri,7060543790,22518.876953125
Missouri,7060556150,703838.3125
Missouri,7060556270,617816.875
Missouri,7060559080,113019.5703125
Missouri,7060559140,270713.9375
Missouri,7060562040,23133.576171875
Missouri,7060562140,2071.3720703125
Missouri,7060565330,425657.09375
Missouri,7060565660,684364.25
Missouri,7060566040,3.211820602416992
Missouri,7060566090,1410509.5
Missouri,7060569640,419109.6875
Missouri,7060569650,13636.9169921875
Missouri,7060573000,191795.609375
Missouri,7060573090,932791.8125
Missouri,7060574920,635339.0625
Missouri,7060575000,2782982
Missouri,7060579820,1021790.25
Missouri,7060579830,54076.421875
Missouri,7060589890,149871.81970214844
Missouri,7060599170,152312.140625
Missouri,7060606110,88404.7421875
Missouri,7060606190,326370.875
Missouri,7060612840,32414.048828125
Missouri,7060617740,546477.4375
Missouri,7060620890,6593.0439453125
Missouri,7060621060,195228.953125
Missouri,7060626430,4117.3583984375
Missouri,7060631790,864669.6875
Missouri,7060631800,365010.96875
Missouri,7060639300,229264.109375
Missouri,7060645560,1510936.625
Missouri,7060666670,7509.38427734375
Missouri,7060668390,1014920.46875
Nebraska,7060541090,0.5874965786933899
Nebraska,7060543790,0.6123936772346497
Nevada,7060073630,1387068.75
Nevada,7060073690,640077.125
Nevada,7060073830,737691
Nevada,7060073840,20044.400390625
Nevada,7060073870,890435.6875
Nevada,7060073890,763538.625
Nevada,7060073920,416116.3603515625
Nevada,7060073980,836545.25
Nevada,7060074040,1221206.5
Nevada,7060074050,771673.0625
Nevada,7060074060,882582.75
Nevada,7060074110,27948.578125
Nevada,7060074120,81561.56050109863
Nevada,7060074280,376725.0625
Nevada,7060074320,745262
Nevada,7060074340,469897.4375
Nevada,7060074350,438532.59375
Nevada,7060074520,407115.625
Nevada,7060074530,988710.125
Nevada,7060074570,126760.8046875
Nevada,7060074580,430682.65625
Nevada,7060074610,519172.5625
Nevada,7060074640,562342.9375
Nevada,7060074830,2052.073974609375
Nevada,7060074940,28939.77734375
Nevada,7060075190,10.178500175476074
Nevada,7060076300,282737.5625
Nevada,7060077410,62370.23828125
Nevada,7060505390,353491.6875
Nevada,7060580030,92402.796875
Nevada,7060580200,237279.984375
Nevada,7060620580,648431.5625
Nevada,7060620790,2193.887451171875
Nevada,7060621130,680912.1875
Nevada,7060621250,72722.7890625
Nevada,7060626100,332928.84375
Nevada,7060626220,86334.578125
Nevada,7060633430,111625.125
Nevada,7060633600,69044.484375
Nevada,7060675400,722668.0625
New Hampshire,7060038980,187778.34375
New Hampshire,7060039060,224232.328125
New Hampshire,7060039070,213894.484375
New Hampshire,7060039160,987982.25
New Hampshire,7060039620,789900.1875
New Hampshire,7060380530,523.06866455078125
New Jersey,7060039870,6484.35791015625
New Jersey,7060039880,37768.25
New Jersey,7060039920,206196.265625
New Jersey,7060039930,42042.43359375
New Jersey,7060039990,283920.34375
New Jersey,7060040000,845870.28125
New Jersey,7060040360,519046.515625
New Jersey,7060493120,55764.30078125
New York,7060039170,1932.4715576171875
New York,7060039630,111067.25
New York,7060039870,404739.40625
New York,7060039880,15682.33984375
New York,7060039920,38704.4453125
New York,7060039930,16619.607421875
New York,7060040360,616661.3125
New York,7060064730,401973.28125
New York,7060382860,775770.125
New York,7060393390,105563.1640625
New York,7060402430,1360594.125
New York,7060434140,784.52593994140625
New York,7060434190,986763.4375
New York,7060439770,484711.3125
New York,7060439780,1369394.5
New York,7060450680,607889.3125
New York,7060450950,663997.6875
New York,7060453370,5377.83349609375
New York,7060453430,710151.25
New York,7060457640,424168.9375
New York,7060457790,277789.28125
New York,7060467060,218606.09375
New York,7060467130,87812.0078125
New York,7060471140,903355.6875
New York,7060471150,39643.98046875
New York,7060474840,38.978939056396484
New York,7060475060,83773.7734375
New York,7060488160,410696.8125
New York,7060488320,520501.65625
New York,7060491800,232007.4375
New York,7060492010,449318.625
New York,7060493000,627108.3125
New York,7060493120,262875.9375
New York,7060529340,495701.1875
North Carolina,7060042040,401655.5
North Carolina,7060042240,251280.875
North Carolina,7060042250,106941.5
North Carolina,7060042310,818925.90625
North Carolina,7060042320,1563830.125
North Carolina,7060042740,1171125.25
North Carolina,7060042750,605580.625
North Carolina,7060042940,2284077.939453125
North Carolina,7060042950,140101.03125
North Carolina,7060043500,46451.55859375
North Carolina,7060597760,189873.015625
North Carolina,7060638110,54749.3984375
North Carolina,7060638230,730510.4375
North Carolina,7060640560,461642.65625
North Carolina,7060650450,169050.96875
North Carolina,7060656220,168854.765625
North Carolina,7060656320,547702.125
North Carolina,7060656440,1187977.97265625
North Carolina,7060656490,368928.28125
North Carolina,7060661200,59822.04296875
North Carolina,7060661260,31532.4453125
North Carolina,7060669130,45450.26171875
North Carolina,7060684690,310267.9453125
North Carolina,7060684850,7027.3818359375
North Carolina,7060686940,392954.71875
North Carolina,7060687690,511425.25
North Carolina,7060689970,274368.28125
Ohio,7060555510,452298.65625
Ohio,7060555650,283832.9375
Ohio,7060558770,5367.77978515625
Ohio,7060562230,523149.21875
Ohio,7060562310,855310.8125
Ohio,7060568950,487661.875
Ohio,7060571810,1067683.375
Ohio,7060571990,463195.46875
Oklahoma,7060611580,56301.8203125
Oklahoma,7060617540,69198.8984375
Oklahoma,7060617740,32961.14453125
Oklahoma,7060620890,20486.34765625
Oklahoma,7060621060,17104.0703125
Oklahoma,7060622700,740334.25
Oklahoma,7060622710,117873.546875
Oklahoma,7060626330,132500.84375
Oklahoma,7060626430,101624.5859375
Oklahoma,7060632730,548318.4375
Oklahoma,7060632870,362021.15625
Oklahoma,7060637750,162732.578125
Oklahoma,7060637840,1290545.75
Oklahoma,7060641790,996791.5625
Oklahoma,7060641910,345195.5
Oklahoma,7060642080,1653.8900146484375
Oklahoma,7060642090,392599.9375
Oklahoma,7060649900,101932.8359375
Oklahoma,7060649910,437743.46875
Oklahoma,7060650960,319746.5625
Oklahoma,7060650970,348794.53125
Oklahoma,7060653440,1888052.5
Oklahoma,7060653580,1657513
Oklahoma,7060655770,52588.6484375
Oklahoma,7060674630,725561.75
Oklahoma,7060674750,319900.84375
Oklahoma,7060677370,12509.533203125
Oklahoma,7060677450,18.85327911376953
Oklahoma,7060678900,487100.65625
Oklahoma,7060678990,88173.671875
Oklahoma,7060679070,2997.124267578125
Oklahoma,7060683600,5.256558418273926
Oklahoma,7060683610,263090.8125
Oklahoma,7060683890,485349.8125
Oklahoma,7060683900,1942197.375
Oklahoma,7060689550,568165
Oklahoma,7060689810,1533509.375
Oregon,7060014210,23074.177734375
Oregon,7060014250,161238.703125
Oregon,7060014340,1297908.125
Oregon,7060014350,123882.4296875
Oregon,7060014440,270492.5625
Oregon,7060014450,192845.21875
Oregon,7060014520,1210502.625
Oregon,7060014530,860154.625
Oregon,7060014800,222156.9375
Oregon,7060014810,129451.6875
Oregon,7060014930,133570.578125
Oregon,7060014940,1444.7752685546875
Oregon,7060073990,310077.15625
Oregon,7060074150,142395.328125
Oregon,7060074650,232322.328125
Oregon,7060074730,887540.25
Oregon,7060075800,106248.421875
Oregon,7060390130,169.00433349609375
Oregon,7060390420,37187.1328125
Oregon,7060392060,40239.53515625
Oregon,7060392390,655397.5625
Oregon,7060394680,2901075
Oregon,7060394690,445886.3125
Oregon,7060395190,33578.65625
Oregon,7060395340,2549692.25
Oregon,7060476020,362981.0625
Oregon,7060476350,416338.0625
Oregon,7060494970,370992.5625
Oregon,7060496400,8281.3974609375
Oregon,7060511270,1194.480224609375
Oregon,7060515720,189383.515625
Pennsylvania,7060040360,1674996.375
Pennsylvania,7060040800,16413.083984375
Pennsylvania,7060041050,1054921.875
Pennsylvania,7060041060,3029.550048828125
Pennsylvania,7060450950,24353.001953125
Pennsylvania,7060475060,79326.90625
Pennsylvania,7060488320,71882.96875
Pennsylvania,7060491800,33095.30859375
Pennsylvania,7060492010,217639.4375
Pennsylvania,7060519270,1805967.375
Pennsylvania,7060519280,984808.3125
Pennsylvania,7060523060,93713.71875
Pennsylvania,7060523200,1080.41259765625
Pennsylvania,7060529340,2363506.22265625
Pennsylvania,7060529460,650020.875
Pennsylvania,7060530380,880525.47265625
Pennsylvania,7060530520,375304.84375
Pennsylvania,7060550230,47259.5546875
Pennsylvania,7060552560,66586.6875
Pennsylvania,7060555650,37043.5703125
Pennsylvania,7060557610,241633.578125
Pennsylvania,7060559710,59797.4765625
Rhode Island,7060039170,289763.03125
South Carolina,7060042950,45132.7421875
South Carolina,7060043090,37050.8359375
South Carolina,7060043100,587053.75
South Carolina,7060043160,304626.2890625
South Carolina,7060043170,2098780.046875
South Carolina,7060043500,1188656.875
South Carolina,7060043510,51.871971130371094
South Carolina,7060638230,326.5396423339844
South Carolina,7060656490,183.9566650390625
South Carolina,7060661200,11511.8037109375
South Carolina,7060661260,51584.20703125
South Carolina,7060669120,74210.234375
South Carolina,7060669130,71594.4140625
South Carolina,7060684690,537359.671875
South Carolina,7060684850,364790.703125
South Carolina,7060686940,1817822.125
South Carolina,7060686950,394906.46875
South Carolina,7060687690,276936.78125
South Carolina,7060687750,28695.669921875
South Carolina,7060689850,12445.8115234375
South Carolina,7060689970,145395.5625
Tennessee,7060591570,102294
Tennessee,7060597760,145.87802124023438
Tennessee,7060609780,175659.296875
Tennessee,7060610850,377818.5625
Tennessee,7060612660,85221.546875
Tennessee,7060612900,252548.78125
Tennessee,7060624370,194036.078125
Tennessee,7060624500,454565.96875
Tennessee,7060631120,417593.96875
Tennessee,7060631300,669002.125
Tennessee,7060632180,280287.1875
Tennessee,7060632290,245973.9375
Tennessee,7060638110,581080.6875
Tennessee,7060638230,595102.9375
Tennessee,7060638690,905116.3125
Tennessee,7060638810,1734422.125
Tennessee,7060639300,47081.40625
Tennessee,7060639390,1151811.25
Tennessee,7060640420,676732.0625
Tennessee,7060640560,445236.28125
Tennessee,7060647770,46396.3125
Tennessee,7060647780,484714.75
Tennessee,7060650370,200860.171875
Tennessee,7060650450,314828.46875
Tennessee,7060668250,443313.234375
Tennessee,7060668390,345.99237060546875
Tennessee,7060676360,33165.46875
Tennessee,7060715640,26.974611282348633
Texas,7060047850,3656.255615234375
Texas,7060047860,181280.703125
Texas,7060047970,1441058.26171875
Texas,7060047980,1468807.1875
Texas,7060048300,627558.53125
Texas,7060048310,429687.6875
Texas,7060048410,1564807.09375
Texas,7060048420,255769.546875
Texas,7060048480,586047
Texas,7060048490,262479.84375
Texas,7060048620,2656129.28125
Texas,7060048630,720657.5
Texas,7060048860,348402.75
Texas,7060048870,1442186.5
Texas,7060049120,545283.25
Texas,7060049130,713909.75
Texas,7060049270,333579.40625
Texas,7060049280,1.5855356454849243
Texas,7060674630,27.110013961791992
Texas,7060674750,159841.421875
Texas,7060677370,15935.62890625
Texas,7060677450,185119.140625
Texas,7060678900,7.960303783416748
Texas,7060678990,85912.4765625
Texas,7060679070,1612.895751953125
Texas,7060679160,599561.75
Texas,7060683600,383620.875
Texas,7060683610,21542.91796875
Texas,7060683890,301278.1875
Texas,7060683900,253.65420532226562
Texas,7060689810,594452.5
Texas,7060696340,0.0020347577519714832
Texas,7060696350,20643.98828125
Texas,7060699700,929511.5625
Texas,7060699710,1388.4754638671875
Texas,7060701650,557968.625
Texas,7060701750,1048601
Texas,7060706180,666222.875
Texas,7060706280,902206.0625
Texas,7060710520,174461.09375
Texas,7060710600,374962.78125
Texas,7060712340,754023.875
Texas,7060712460,127434.234375
Texas,7060712530,349616.65625
Texas,7060720640,186128.578125
Texas,7060720650,280399.1875
Texas,7060724780,44883.56640625
Texas,7060724910,609728.625
Texas,7060727830,118.234619140625
Texas,7060730390,163088.609375
Texas,7060730500,74782.109375
Texas,7060736950,1080178.875
Texas,7060737080,584286.8125
Texas,7060743800,1065363.25
Texas,7060744090,2253857
Texas,7060744170,1971492.5
Texas,7060747500,206199.96875
Texas,7060747570,866142.8276977539
Texas,7060752460,572967.5
Texas,7060752470,568312.3125
Texas,7060759730,2593891.1640625
Texas,7060759790,322886.67919921875
Texas,7060760600,224303.28125
Texas,7060760610,52549.51953125
Texas,7060760990,3128.225830078125
Texas,7060761080,184360.8203125
Texas,7060761700,46513.39453125
Texas,7060761710,93943.1484375
Texas,7060762950,87925.6484375
Texas,7060763200,384241.46875
Texas,7060763300,189333.34375
Texas,7060763820,137187.0625
Texas,7060763870,68205.5625
Texas,7060763880,20033.609375
Texas,7060763960,4.677436372730881e-4
Texas,7060764550,24535.048828125
Texas,7060764560,270435.78125
Texas,7060766650,216387.9267578125
Texas,7060766660,199842.4453125
Texas,7060770450,526058.625
Texas,7060770490,4.242913246154785
Texas,7060771060,320069.1875
Texas,7060771090,105.000732421875
Texas,7060773430,91582.71875
Texas,7060775150,124934.83163452148
Texas,7060775230,478664.671875
Texas,7060775830,1788925.1917686462
Texas,7060775890,391528.65625
Texas,7060778740,629816.125
Texas,7060778820,138793.296875
Texas,7060790420,652867.765625
Texas,7060794420,307865.4375
United States Virgin Islands,7060072800,45512.46875
Utah,7060073650,223458.578125
Utah,7060074110,511014.1875
Utah,7060074680,253826.546875
Utah,7060074870,189805.46875
Utah,7060075260,148512.734375
Utah,7060505390,974495.0625
Utah,7060511880,263142
Utah,7060538950,72927.1015625
Utah,7060559260,391015.40625
Utah,7060559270,998897.3125
Utah,7060560730,29047.12890625
Utah,7060560880,377417.5625
Utah,7060561130,1522.0712890625
Utah,7060561290,837290.375
Utah,7060583840,301006.9375
Utah,7060583850,314471.1875
Utah,7060585110,1667175.25
Utah,7060607990,2290377
Utah,7060608130,343836.65625
Utah,7060620580,541.67926025390625
Utah,7060626100,741009.625
Utah,7060627380,169370.375
Utah,7060632150,659881.1875
Vermont,7060039620,1017780.6875
Vermont,7060380530,154969.1875
Vermont,7060382860,1200220.5
Vermont,7060467060,63132.87890625
Vermont,7060467130,54523.34375
Virginia,7060040370,208487.0625
Virginia,7060040800,1858.828857421875
Virginia,7060041400,164966.984375
Virginia,7060041410,524908.6875
Virginia,7060041650,503720.21875
Virginia,7060041660,448567.75
Virginia,7060041820,379976.375
Virginia,7060041830,246677.59375
Virginia,7060041900,1802652.859375
Virginia,7060041910,31.302526473999023
Virginia,7060041920,416887.65625
Virginia,7060041930,248774.734375
Virginia,7060042040,123473.3515625
Virginia,7060042240,948720.375
Virginia,7060042310,1629138.25
Virginia,7060550350,389.4055480957031
Virginia,7060552690,28071.16015625
Virginia,7060557610,87921.015625
Virginia,7060557800,760300.1875
Virginia,7060559650,36139.83984375
Virginia,7060571990,262374.9375
Virginia,7060572890,263.647705078125
Virginia,7060597680,889.2427062988281
Virginia,7060597760,787621.5
Virginia,7060612660,571.83135986328125
Virginia,7060638110,340454.375
Virginia,7060640420,468468.15625
Virginia,7060656440,32285.38671875
Washington,7060014810,1.4535356760025024
Washington,7060014930,1093209.5
Washington,7060014940,354772.21875
Washington,7060015090,546024.625
Washington,7060015100,1872466.875
Washington,7060015900,264505.25
Washington,7060015910,309398.65625
Washington,7060016000,454524.65625
Washington,7060016010,235961.390625
Washington,7060016090,716567.75
Washington,7060016100,379977.4375
Washington,7060016260,62346.58984375
Washington,7060056770,58917.46875
Washington,7060329370,71241.7890625
Washington,7060330710,405844.53125
Washington,7060345900,412844.28125
Washington,7060345990,348340.875
Washington,7060362510,186944.265625
Washington,7060377370,27979.224609375
Washington,7060377730,1362486.25
Washington,7060390130,57890.74609375
Washington,7060392060,120466.6953125
Washington,7060394680,2.02681040763855
Washington,7060394690,686344.5
Washington,7060395190,9636.6279296875
West Virginia,7060041400,22.786693572998047
West Virginia,7060041900,22819.685791015625
West Virginia,7060082250,29022.029296875
West Virginia,7060529460,1085439.28125
West Virginia,7060550230,40466.44921875
West Virginia,7060550350,173792.59375
West Virginia,7060552560,151451.65625
West Virginia,7060552690,359190.9375
West Virginia,7060555510,6.5238471031188965
West Virginia,7060555650,347469.78125
West Virginia,7060557610,152434.3125
West Virginia,7060557800,31678.72265625
West Virginia,7060558770,9425.873046875
West Virginia,7060558980,598002.75
West Virginia,7060559650,76.7805404663086
West Virginia,7060568950,173623.71875
West Virginia,7060569090,213336.109375
West Virginia,7060571990,869055.75
West Virginia,7060579680,230998.15625
West Virginia,7060579690,26733.28515625
West Virginia,7060580820,399518.5119628906
West Virginia,7060580930,135683.609375
West Virginia,7060585550,361999.59375
West Virginia,7060585700,177363.046875
West Virginia,7060597680,398266.6015625
West Virginia,7060597760,207546.3125
